source,target,in_2025_registry
agi_aggregator,eitc,yes
agi_aggregator,f2441,yes
agi_aggregator,f8812,yes
agi_aggregator,form8582,yes
agi_aggregator,form8880,yes
agi_aggregator,form8962,yes
agi_aggregator,form8995,yes
agi_aggregator,form_1116,yes
agi_aggregator,schedule_a,yes
general,eitc,yes
general,f8812,yes
general,form8582,yes
general,form8959,yes
general,form8962,yes
general,form8995,yes
general,schedule_a,yes
income_tax_calculation,f8812,yes
income_tax_calculation,form6251,yes
income_tax_calculation,form8615,yes
income_tax_calculation,form8978_reporting_year,yes
income_tax_calculation,form_1116,yes
schedule2,f8812,yes
w2,eitc,yes
w2,f8812,yes
w2,form2441,yes
w2,form8839,yes
w2,form8853,yes
w2,form8880,yes
w2,form8889,yes
w2,form8959,yes
w2,form8962,yes
w2,ira_deduction_worksheet,yes
w2,schedule1,yes
w2,schedule3,yes
w2,schedule_a,yes
w2,schedule_c,yes
w2,schedule_se,yes
