form_slug,instruction_slug,snapshot_status,irs_draft_url,next_action
f3800,i3800,2026 draft pinned,https://www.irs.gov/pub/irs-dft/i3800--dft.pdf,Reconcile Part III transfer columns and Part II tax limitation with ATS scenario 12 and current MeF.
f8888,i8888,2026 draft pinned,https://www.irs.gov/pub/irs-dft/i8888--dft.pdf,Review current instruction revision and reconcile ATS scenario 5 before filing.
f1040,i1040gi,URL serves 2025,https://www.irs.gov/pub/irs-dft/i1040gi--dft.pdf,Use only as comparator; obtain 2026 instructions when posted.
f1040s1,i1040s1,no draft at expected URL,https://www.irs.gov/pub/irs-dft/i1040s1--dft.pdf,Recheck IRS draft directory or another instruction slug.
f1040s1a,i1040s1a,no draft at expected URL,https://www.irs.gov/pub/irs-dft/i1040s1a--dft.pdf,Recheck IRS draft directory or another instruction slug.
f1040s2,i1040s2,no draft at expected URL,https://www.irs.gov/pub/irs-dft/i1040s2--dft.pdf,Recheck IRS draft directory or another instruction slug.
f1040s3,i1040s3,no draft at expected URL,https://www.irs.gov/pub/irs-dft/i1040s3--dft.pdf,Recheck IRS draft directory or another instruction slug.
f1040s3a,i1040s3a,no draft at expected URL,https://www.irs.gov/pub/irs-dft/i1040s3a--dft.pdf,Recheck IRS draft directory or another instruction slug.
f1040sa,i1040sa,no draft at expected URL,https://www.irs.gov/pub/irs-dft/i1040sa--dft.pdf,Recheck IRS draft directory or another instruction slug.
f1040sb,i1040sb,2026 draft pinned,https://www.irs.gov/pub/irs-dft/i1040sb--dft.pdf,Use pinned PDF; recheck final instructions.
f1040sc,i1040sc,URL serves 2025,https://www.irs.gov/pub/irs-dft/i1040sc--dft.pdf,Use only as comparator; obtain 2026 instructions when posted.
f1040sd,i1040sd,URL serves 2025,https://www.irs.gov/pub/irs-dft/i1040sd--dft.pdf,Use only as comparator; obtain 2026 instructions when posted.
f1040se,i1040se,2026 draft pinned,https://www.irs.gov/pub/irs-dft/i1040se--dft.pdf,Use pinned PDF; recheck final instructions.
f1040sei,i1040sei,no draft at expected URL,https://www.irs.gov/pub/irs-dft/i1040sei--dft.pdf,Recheck IRS draft directory or another instruction slug.
f1040sse,i1040sse,2026 draft pinned,https://www.irs.gov/pub/irs-dft/i1040sse--dft.pdf,Use pinned PDF; recheck final instructions.
f1040sh,i1040sh,2026 draft pinned,https://www.irs.gov/pub/irs-dft/i1040sh--dft.pdf,Use pinned PDF; recheck final instructions.
f1040sf,i1040sf,2026 draft pinned,https://www.irs.gov/pub/irs-dft/i1040sf--dft.pdf,Use pinned PDF; recheck final instructions.
f1040s8,i1040s8,2026 draft pinned,https://www.irs.gov/pub/irs-dft/i1040s8--dft.pdf,Use pinned PDF; recheck final instructions.
f2441,i2441,2026 draft pinned,https://www.irs.gov/pub/irs-dft/i2441--dft.pdf,Use pinned PDF; recheck final instructions.
f4562,i4562,URL serves 2025,https://www.irs.gov/pub/irs-dft/i4562--dft.pdf,Use only as comparator; obtain 2026 instructions when posted.
f6251,i6251,URL serves 2025,https://www.irs.gov/pub/irs-dft/i6251--dft.pdf,Use only as comparator; obtain 2026 instructions when posted.
f8839,i8839,URL serves 2025,https://www.irs.gov/pub/irs-dft/i8839--dft.pdf,Use only as comparator; obtain 2026 instructions when posted.
f8889,i8889,2026 draft pinned,https://www.irs.gov/pub/irs-dft/i8889--dft.pdf,Use pinned PDF; recheck final instructions.
f8962,i8962,URL serves 2025,https://www.irs.gov/pub/irs-dft/i8962--dft.pdf,Use only as comparator; obtain 2026 instructions when posted.
f8995,i8995,2026 draft pinned,https://www.irs.gov/pub/irs-dft/i8995--dft.pdf,Use pinned PDF; recheck final instructions.
f8995a,i8995a,URL serves 2025,https://www.irs.gov/pub/irs-dft/i8995a--dft.pdf,Use only as comparator; obtain 2026 instructions when posted.
f1062,i1062,URL serves 2025,https://www.irs.gov/pub/irs-dft/i1062--dft.pdf,Use only as comparator; obtain 2026 instructions when posted.
f1116,i1116,URL serves 2025,https://www.irs.gov/pub/irs-dft/i1116--dft.pdf,Use only as comparator; obtain 2026 instructions when posted.
f2555,i2555,2026 draft pinned,https://www.irs.gov/pub/irs-dft/i2555--dft.pdf,Use pinned PDF; recheck final instructions.
f4136,i4136,URL serves 2025,https://www.irs.gov/pub/irs-dft/i4136--dft.pdf,Use only as comparator; obtain 2026 instructions when posted.
f4136sa,i4136sa,no draft at expected URL,https://www.irs.gov/pub/irs-dft/i4136sa--dft.pdf,2025 Schedule A and combined i4136 booklet pinned as comparators; obtain 2026 Schedule A and instructions when published.
f4137,i4137,2026 instructions embedded in form draft,https://www.irs.gov/pub/irs-dft/f4137--dft.pdf,2026 draft pages 1-2 embed instructions; printed Schedule 2 line 5 conflicts with 2026 Schedule 2 line 16a.
f461,i461,URL serves 2025,https://www.irs.gov/pub/irs-dft/i461--dft.pdf,Use only as comparator; obtain 2026 instructions when posted.
f4684,i4684,URL serves 2025,https://www.irs.gov/pub/irs-dft/i4684--dft.pdf,Use only as comparator; obtain 2026 instructions when posted.
f4797,i4797,URL serves 2025,https://www.irs.gov/pub/irs-dft/i4797--dft.pdf,Use only as comparator; obtain 2026 instructions when posted.
f4952,i4952,2026 instructions embedded in form draft,https://www.irs.gov/pub/irs-dft/f4952--dft.pdf,Use printed pages 3-4 of pinned f4952.pdf; recheck final form and Pub. 550.
f4972,i4972,2026 instructions embedded in form draft,https://www.irs.gov/pub/irs-dft/f4972--dft.pdf,Printed pages 2-4 of the pinned 2026 draft contain instructions; recheck final release.
f5329,i5329,2026 draft pinned,https://www.irs.gov/pub/irs-dft/i5329--dft.pdf,Use pinned PDF; recheck final instructions.
f5695,i5695,2026 draft pinned,https://www.irs.gov/pub/irs-dft/i5695--dft.pdf,Use pinned PDF; recheck final instructions.
f6198,i6198,continuous-use final pinned,https://www.irs.gov/pub/irs-dft/i6198--dft.pdf,November 2025 final instructions apply to that form revision or later; confirm current revision and MeF before filing.
f6252,i6252,2026 instructions embedded in form draft,https://www.irs.gov/pub/irs-dft/f6252--dft.pdf,Use pages 2-4 of pinned f6252.pdf; cross-form Form 4797 line references conflict with its 2026 draft and require final-source reconciliation.
f6781,i6781,2026 instructions embedded in form draft,https://www.irs.gov/pub/irs-dft/f6781--dft.pdf,Printed pages 2-4 of the pinned 2026 draft contain instructions; verify final release.
f8997,i8997,no draft at expected URL,https://www.irs.gov/pub/irs-dft/i8997--dft.pdf,2026 form draft pinned; 2025 form embeds instructions as prior-year comparator; obtain current instructions before coding recognition rules.
f8621,i8621,continuous-use final pinned,https://www.irs.gov/pub/irs-pdf/i8621.pdf,Current December 2025 revision form/instructions pinned; instructions cite 2025 lines; verify any 2026 revision and MeF before filing.
f7206,i7206,2026 draft pinned,https://www.irs.gov/pub/irs-dft/i7206--dft.pdf,Use pinned PDF; recheck final instructions.
f8396,i8396,no draft at expected URL,https://www.irs.gov/pub/irs-dft/i8396--dft.pdf,Recheck IRS draft directory or another instruction slug.
f8582,i8582,URL serves 2025,https://www.irs.gov/pub/irs-dft/i8582--dft.pdf,Use only as comparator; obtain 2026 instructions when posted.
f8606,i8606,2026 draft pinned,https://www.irs.gov/pub/irs-dft/i8606--dft.pdf,Use pinned PDF; recheck final instructions.
f8615,i8615,2026 draft pinned,https://www.irs.gov/pub/irs-dft/i8615--dft.pdf,Use pinned PDF; recheck final instructions.
f8814,i8814,2026 draft pinned,https://www.irs.gov/pub/irs-dft/i8814--dft.pdf,Use pinned PDF; recheck final instructions.
f8815,i8815,2026 draft pinned,https://www.irs.gov/pub/irs-dft/i8815--dft.pdf,Use pinned PDF; recheck final instructions.
f8824,i8824,URL serves 2025,https://www.irs.gov/pub/irs-dft/i8824--dft.pdf,Use only as comparator; obtain 2026 instructions when posted.
f8829,i8829,2026 draft pinned,https://www.irs.gov/pub/irs-dft/i8829--dft.pdf,Use pinned PDF; recheck final instructions.
f8834,i8834,current final with embedded instructions,https://www.irs.gov/pub/irs-pdf/f8834.pdf,October 2024 form explicitly applies to tax years 2024 or later until superseded; embedded instructions cover TY2026 source pending final MeF check.
f8853,i8853,2026 draft pinned,https://www.irs.gov/pub/irs-dft/i8853--dft.pdf,Use pinned PDF; recheck final instructions.
f8859,i8859,no draft at expected URL,https://www.irs.gov/pub/irs-dft/i8859--dft.pdf,Recheck IRS draft directory or another instruction slug.
f8880,i8880,no draft at expected URL,https://www.irs.gov/pub/irs-dft/i8880--dft.pdf,Recheck IRS draft directory or another instruction slug.
f8912,i8912,continuous-use final pinned,https://www.irs.gov/pub/irs-pdf/i8912.pdf,December 2024 final instructions are continuous-use; current form pinned and Schedule 3 line 6k checked; verify MeF and final return lines.
f8915f,i8915f,URL serves 2025,https://www.irs.gov/pub/irs-dft/i8915f--dft.pdf,2026 form draft pinned; use pinned December 2025 instructions only as comparator and obtain 2026 revision before filing.
f8919,i8919,2026 instructions embedded in form draft,https://www.irs.gov/pub/irs-dft/f8919--dft.pdf,2026 draft pages 1-2 embed reason-code and line instructions; line 13 routes to Schedule 2 line 16b.
f8936,i8936,2026 draft pinned,https://www.irs.gov/pub/irs-dft/i8936--dft.pdf,Use pinned PDF; recheck final instructions.
f8936sa,i8936sa,covered by combined 2026 draft,https://www.irs.gov/pub/irs-dft/i8936--dft.pdf,Combined Form 8936 instructions explicitly cover Schedule A; use pinned i8936 PDF and recheck final.
f8949,i8949,URL serves 2025,https://www.irs.gov/pub/irs-dft/i8949--dft.pdf,Use only as comparator; obtain 2026 instructions when posted.
f8959,i8959,2026 draft pinned,https://www.irs.gov/pub/irs-dft/i8959--dft.pdf,Use pinned PDF; recheck final instructions.
f8960,i8960,URL serves 2025,https://www.irs.gov/pub/irs-dft/i8960--dft.pdf,2025 instructions pinned as comparator; obtain 2026 instructions when posted and recheck line 13 MAGI and deduction worksheets.
f8990,i8990,URL serves 2025,https://www.irs.gov/pub/irs-dft/i8990--dft.pdf,Use only as comparator; obtain 2026 instructions when posted.
f982,i982,current final pinned,https://www.irs.gov/pub/irs-pdf/i982.pdf,Current March 2018 form and December 2021 instructions pinned; recheck 2026 COD law and MeF before filing.
schedule_r,i1040sr,2026 draft pinned,https://www.irs.gov/pub/irs-dft/i1040sr--dft.pdf,Use pinned PDF; recheck final instructions.
f2106,i2106,2026 draft pinned,https://www.irs.gov/pub/irs-dft/i2106--dft.pdf,Use pinned PDF; recheck final instructions.
f4835,i4835,2026 draft pinned,https://www.irs.gov/pub/irs-dft/i4835--dft.pdf,Use pinned PDF; recheck final instructions.
f8863,i8863,2026 draft pinned,https://www.irs.gov/pub/irs-dft/i8863--dft.pdf,Use pinned PDF; recheck final instructions.
