sequence,symbol,pending_key,ty2025_module
1,irs1040,f1040,forms/f1040/2025/mef/forms/f1040.ts
2,schedule1,schedule1,forms/f1040/2025/mef/forms/schedule1.ts
3,schedule2,schedule2,forms/f1040/2025/mef/forms/schedule2.ts
4,schedule3,schedule3,forms/f1040/2025/mef/forms/schedule3.ts
5,schedule8812,f8812,forms/f1040/2025/mef/forms/schedule_8812.ts
6,scheduleA,schedule_a,forms/f1040/2025/mef/forms/schedule_a.ts
7,scheduleB,schedule_b,forms/f1040/2025/mef/forms/schedule_b.ts
8,scheduleC,schedule_c,forms/f1040/2025/mef/forms/schedule_c.ts
9,scheduleD,schedule_d,forms/f1040/2025/mef/forms/schedule_d.ts
10,scheduleE,schedule_e,forms/f1040/2025/mef/forms/schedule_e.ts
11,eitc,eitc,forms/f1040/2025/mef/forms/eitc.ts
12,scheduleF,schedule_f,forms/f1040/2025/mef/forms/schedule_f.ts
13,scheduleH,schedule_h,forms/f1040/2025/mef/forms/schedule_h.ts
14,scheduleSE,schedule_se,forms/f1040/2025/mef/forms/schedule_se.ts
15,form461,form461,forms/f1040/2025/mef/forms/f461.ts
16,form982,form982,forms/f1040/2025/mef/forms/f982.ts
17,f1099r,f1099r,forms/f1040/2025/mef/forms/f1099r.ts
18,form1116,form_1116,forms/f1040/2025/mef/forms/f1116.ts
19,form2441,form2441,forms/f1040/2025/mef/forms/f2441.ts
20,form2555,form2555,forms/f1040/2025/mef/forms/f2555.ts
21,form3800,f3800,forms/f1040/2025/mef/forms/f3800.ts
22,form4136,f4136,forms/f1040/2025/mef/forms/f4136.ts
23,form4137,form4137,forms/f1040/2025/mef/forms/f4137.ts
24,form4562,form4562,forms/f1040/2025/mef/forms/f4562.ts
25,form4684,form4684,forms/f1040/2025/mef/forms/f4684.ts
26,form4797,form4797,forms/f1040/2025/mef/forms/f4797.ts
27,form4835,f4835,forms/f1040/2025/mef/forms/f4835.ts
28,form4952,form4952,forms/f1040/2025/mef/forms/f4952.ts
29,form4972,form4972,forms/f1040/2025/mef/forms/f4972.ts
30,form5329,form5329,forms/f1040/2025/mef/forms/f5329.ts
31,form5695,form5695,forms/f1040/2025/mef/forms/f5695.ts
32,form6198,form6198,forms/f1040/2025/mef/forms/f6198.ts
33,form4835AtRisk,f4835_at_risk,forms/f1040/2025/mef/forms/f4835_at_risk.ts
34,form6251,form6251,forms/f1040/2025/mef/forms/f6251.ts
35,form6252,form6252,forms/f1040/2025/mef/forms/f6252.ts
36,form6781,form6781,forms/f1040/2025/mef/forms/f6781.ts
37,form7206,form7206,forms/f1040/2025/mef/forms/f7206.ts
38,form7217,f7217,forms/f1040/2025/mef/forms/f7217.ts
39,form8283,f8283,forms/f1040/2025/mef/forms/f8283.ts
40,form8396,form8396,forms/f1040/2025/mef/forms/f8396.ts
41,form8582,form8582,forms/f1040/2025/mef/forms/f8582.ts
42,form8606,form8606,forms/f1040/2025/mef/forms/f8606.ts
43,form8615,form8615,forms/f1040/2025/mef/forms/f8615.ts
44,form8621,form8621,forms/f1040/2025/mef/forms/f8621.ts
45,form8814,form8814,forms/f1040/2025/mef/forms/f8814.ts
46,form8815,form8815,forms/f1040/2025/mef/forms/f8815.ts
47,form8824,form8824,forms/f1040/2025/mef/forms/f8824.ts
48,form8826,f8826,forms/f1040/2025/mef/forms/f8826_draft.ts
49,form8829,form_8829,forms/f1040/2025/mef/forms/f8829.ts
50,form8834,f8834,forms/f1040/2025/mef/forms/f8834.ts
51,form8835,f8835,forms/f1040/2025/mef/forms/f8835.ts
52,form8839,form8839,forms/f1040/2025/mef/forms/f8839.ts
53,form8853,form8853,forms/f1040/2025/mef/forms/f8853.ts
54,form8859,f8859,forms/f1040/2025/mef/forms/f8859.ts
55,form8862,f8862,forms/f1040/2025/mef/forms/f8862.ts
56,form8863,f8863,forms/f1040/2025/mef/forms/f8863.ts
57,form8880,form8880,forms/f1040/2025/mef/forms/f8880.ts
58,form8889,form8889,forms/f1040/2025/mef/forms/f8889.ts
59,form8911,f8911,forms/f1040/2025/mef/forms/f8911.ts
60,form8912,f8912,forms/f1040/2025/mef/forms/f8912.ts
61,form8919,form8919,forms/f1040/2025/mef/forms/f8919.ts
62,form8911ScheduleA,f8911,forms/f1040/2025/mef/forms/f8911_schedule_a.ts
63,form8936,f8936,forms/f1040/2025/mef/forms/f8936.ts
64,form8936ScheduleA,f8936,forms/f1040/2025/mef/forms/f8936_schedule_a.ts
65,form8949,form8949,forms/f1040/2025/mef/forms/f8949.ts
66,form8959,form8959,forms/f1040/2025/mef/forms/f8959.ts
67,form8960,form8960,forms/f1040/2025/mef/forms/f8960.ts
68,form8962,form8962,forms/f1040/2025/mef/forms/f8962.ts
69,form8978,f8978,forms/f1040/2025/mef/forms/f8978.ts
70,form8978ScheduleA,form8978_schedule_a,forms/f1040/2025/mef/forms/f8978_schedule_a.ts
71,form8990,form8990,forms/f1040/2025/mef/forms/f8990.ts
72,form8995,form8995,forms/f1040/2025/mef/forms/f8995.ts
73,form8995a,form8995a,forms/f1040/2025/mef/forms/f8995a.ts
74,w2,w2,forms/f1040/2025/mef/forms/w2.ts
75,fecRecord,fec_record,forms/f1040/2025/mef/forms/foreign_employer_wages.ts
76,anyOtherTaxesStatement,any_other_taxes_statement,forms/f1040/2025/mef/forms/any_other_taxes_statement.ts
77,wagesNotShownSchedule,wages_not_shown_schedule,forms/f1040/2025/mef/forms/foreign_employer_wages.ts
78,cccLoanAccrualStatement,ccc_loan_accrual_statement,forms/f1040/2025/mef/forms/ccc_loan_accrual_statement.ts
79,cccLoanStatement,ccc_loan_statement,forms/f1040/2025/mef/forms/ccc_loan_statement.ts
80,cropInsuranceDeferralStatement,crop_insurance_deferral_statement,forms/f1040/2025/mef/forms/crop_insurance_deferral_statement.ts
81,form1116DirectExpenseStatement,form1116_direct_expense_statement,forms/f1040/2025/mef/forms/f1116_direct_expense_statement.ts
82,form4136DieselGovernmentSalesStatement,f4136_diesel_government_sales_statement,forms/f1040/2025/mef/forms/f4136_diesel_government_sales_statement.ts
83,jointOccupancyStatement,joint_occupancy_statement,forms/f1040/2025/mef/forms/joint_occupancy_statement.ts
84,form8283VehicleStatement,form8283_vehicle_statement,forms/f1040/2025/mef/forms/f8283_vehicle_statement.ts
85,form8621ExcessStatement,form8621_excess_statement,forms/f1040/2025/mef/forms/f8621_excess_statement.ts
