component,ty2025_serializer
any_other_taxes_statement,forms/f1040/2025/mef/forms/any_other_taxes_statement.ts
ccc_loan_accrual_statement,forms/f1040/2025/mef/forms/ccc_loan_accrual_statement.ts
ccc_loan_statement,forms/f1040/2025/mef/forms/ccc_loan_statement.ts
crop_insurance_deferral_statement,forms/f1040/2025/mef/forms/crop_insurance_deferral_statement.ts
eitc,forms/f1040/2025/mef/forms/eitc.ts
f1040,forms/f1040/2025/mef/forms/f1040.ts
f1099r,forms/f1040/2025/mef/forms/f1099r.ts
f1116,forms/f1040/2025/mef/forms/f1116.ts
f1116_direct_expense_statement,forms/f1040/2025/mef/forms/f1116_direct_expense_statement.ts
f2441,forms/f1040/2025/mef/forms/f2441.ts
f2555,forms/f1040/2025/mef/forms/f2555.ts
f3800,forms/f1040/2025/mef/forms/f3800.ts
f4136,forms/f1040/2025/mef/forms/f4136.ts
f4136_diesel_government_sales_statement,forms/f1040/2025/mef/forms/f4136_diesel_government_sales_statement.ts
f4137,forms/f1040/2025/mef/forms/f4137.ts
f4562,forms/f1040/2025/mef/forms/f4562.ts
f461,forms/f1040/2025/mef/forms/f461.ts
f4684,forms/f1040/2025/mef/forms/f4684.ts
f4797,forms/f1040/2025/mef/forms/f4797.ts
f4835,forms/f1040/2025/mef/forms/f4835.ts
f4835_at_risk,forms/f1040/2025/mef/forms/f4835_at_risk.ts
f4952,forms/f1040/2025/mef/forms/f4952.ts
f4972,forms/f1040/2025/mef/forms/f4972.ts
f5329,forms/f1040/2025/mef/forms/f5329.ts
f5695,forms/f1040/2025/mef/forms/f5695.ts
f6198,forms/f1040/2025/mef/forms/f6198.ts
f6251,forms/f1040/2025/mef/forms/f6251.ts
f6252,forms/f1040/2025/mef/forms/f6252.ts
f6781,forms/f1040/2025/mef/forms/f6781.ts
f7206,forms/f1040/2025/mef/forms/f7206.ts
f7217,forms/f1040/2025/mef/forms/f7217.ts
f8283,forms/f1040/2025/mef/forms/f8283.ts
f8283_vehicle_statement,forms/f1040/2025/mef/forms/f8283_vehicle_statement.ts
f8396,forms/f1040/2025/mef/forms/f8396.ts
f8582,forms/f1040/2025/mef/forms/f8582.ts
f8606,forms/f1040/2025/mef/forms/f8606.ts
f8615,forms/f1040/2025/mef/forms/f8615.ts
f8621,forms/f1040/2025/mef/forms/f8621.ts
f8621_excess_statement,forms/f1040/2025/mef/forms/f8621_excess_statement.ts
f8814,forms/f1040/2025/mef/forms/f8814.ts
f8815,forms/f1040/2025/mef/forms/f8815.ts
f8824,forms/f1040/2025/mef/forms/f8824.ts
f8826_draft,forms/f1040/2025/mef/forms/f8826_draft.ts
f8829,forms/f1040/2025/mef/forms/f8829.ts
f8834,forms/f1040/2025/mef/forms/f8834.ts
f8835,forms/f1040/2025/mef/forms/f8835.ts
f8839,forms/f1040/2025/mef/forms/f8839.ts
f8853,forms/f1040/2025/mef/forms/f8853.ts
f8859,forms/f1040/2025/mef/forms/f8859.ts
f8862,forms/f1040/2025/mef/forms/f8862.ts
f8863,forms/f1040/2025/mef/forms/f8863.ts
f8880,forms/f1040/2025/mef/forms/f8880.ts
f8889,forms/f1040/2025/mef/forms/f8889.ts
f8911,forms/f1040/2025/mef/forms/f8911.ts
f8911_schedule_a,forms/f1040/2025/mef/forms/f8911_schedule_a.ts
f8912,forms/f1040/2025/mef/forms/f8912.ts
f8919,forms/f1040/2025/mef/forms/f8919.ts
f8936,forms/f1040/2025/mef/forms/f8936.ts
f8936_schedule_a,forms/f1040/2025/mef/forms/f8936_schedule_a.ts
f8949,forms/f1040/2025/mef/forms/f8949.ts
f8959,forms/f1040/2025/mef/forms/f8959.ts
f8960,forms/f1040/2025/mef/forms/f8960.ts
f8962,forms/f1040/2025/mef/forms/f8962.ts
f8978,forms/f1040/2025/mef/forms/f8978.ts
f8978_schedule_a,forms/f1040/2025/mef/forms/f8978_schedule_a.ts
f8990,forms/f1040/2025/mef/forms/f8990.ts
f8995,forms/f1040/2025/mef/forms/f8995.ts
f8995a,forms/f1040/2025/mef/forms/f8995a.ts
f982,forms/f1040/2025/mef/forms/f982.ts
foreign_employer_wages,forms/f1040/2025/mef/forms/foreign_employer_wages.ts
joint_occupancy_statement,forms/f1040/2025/mef/forms/joint_occupancy_statement.ts
schedule1,forms/f1040/2025/mef/forms/schedule1.ts
schedule2,forms/f1040/2025/mef/forms/schedule2.ts
schedule3,forms/f1040/2025/mef/forms/schedule3.ts
schedule_8812,forms/f1040/2025/mef/forms/schedule_8812.ts
schedule_a,forms/f1040/2025/mef/forms/schedule_a.ts
schedule_b,forms/f1040/2025/mef/forms/schedule_b.ts
schedule_c,forms/f1040/2025/mef/forms/schedule_c.ts
schedule_d,forms/f1040/2025/mef/forms/schedule_d.ts
schedule_e,forms/f1040/2025/mef/forms/schedule_e.ts
schedule_f,forms/f1040/2025/mef/forms/schedule_f.ts
schedule_h,forms/f1040/2025/mef/forms/schedule_h.ts
schedule_se,forms/f1040/2025/mef/forms/schedule_se.ts
w2,forms/f1040/2025/mef/forms/w2.ts
