node_type,ty2025_source,group,2025_mentions_in_module,uses_ctx_tax_year,ty2025_mef_module,ty2025_pdf_descriptor,ty2026_draft_snapshot,priority,2026_disposition,progress_or_next_action
start,forms/f1040/2025/start.ts,start,0,no,no,no,n/a,P2,audit-required,"verify 2026 law, node outputs, and graph route"
ext,forms/f1040/nodes/inputs/ext/index.ts,inputs,0,no,no,no,n/a,P2,audit-required,"verify 2026 law, node outputs, and graph route"
f1098,forms/f1040/nodes/inputs/f1098/index.ts,inputs,2,no,no,no,n/a,P1,audit-required,"verify 2026 law, node outputs, and graph route"
f1099b,forms/f1040/nodes/inputs/f1099b/index.ts,inputs,0,no,no,no,n/a,P2,audit-required,dedicated 2026 1099-B input registered with Form 8949/Schedule D PDF; add unsupported broker branches and MeF
f1099c,forms/f1040/nodes/inputs/f1099c/index.ts,inputs,0,no,no,no,n/a,P2,audit-required,"verify 2026 law, node outputs, and graph route"
f1099div,forms/f1040/nodes/inputs/f1099div/index.ts,inputs,0,yes,no,no,n/a,P2,audit-required,"2026 ordinary/qualified/exempt dividends, direct box2a gain, PAB/AMT, and withholding; add special gains, QBI, foreign credit, and MeF"
f1099g,forms/f1040/nodes/inputs/f1099g/index.ts,inputs,0,yes,no,no,n/a,P2,audit-required,"verify 2026 law, node outputs, and graph route"
f1099int,forms/f1040/nodes/inputs/f1099int/index.ts,inputs,1,yes,no,no,n/a,P1,audit-required,"verify 2026 law, node outputs, and graph route"
f1099k,forms/f1040/nodes/inputs/f1099k/index.ts,inputs,5,no,no,no,n/a,P1,audit-required,"verify 2026 law, node outputs, and graph route"
f1099oid,forms/f1040/nodes/inputs/f1099oid/index.ts,inputs,2,no,no,no,n/a,P1,audit-required,"verify 2026 law, node outputs, and graph route"
f1099m,forms/f1040/nodes/inputs/f1099m/index.ts,inputs,1,no,no,no,n/a,P1,audit-required,"verify 2026 law, node outputs, and graph route"
f1099nec,forms/f1040/nodes/inputs/f1099nec/index.ts,inputs,0,no,no,no,n/a,P2,audit-required,"verify 2026 law, node outputs, and graph route"
f1099r,forms/f1040/nodes/inputs/f1099r/index.ts,inputs,1,yes,yes,no,n/a,P1,audit-required,"final 2026 form/instructions pinned; fully and partially taxable normal pensions, code1 early tax, early SIMPLE Form5329 Part I, and pension code G rollover reach AGI/1040/PDF; add other codes, 8606/4972, current MeF; see FORM1099R-GRAPH.md"
f1095a,forms/f1040/nodes/inputs/f1095a/index.ts,inputs,1,no,no,no,n/a,P1,audit-required,"verify 2026 law, node outputs, and graph route"
f4835,forms/f1040/nodes/inputs/f4835/index.ts,inputs,0,no,yes,no,n/a,P2,audit-required,2026 form/instructions pinned; line 19b vehicle interest and farm-rent Schedule E route need PDF/MeF and ATS 3; see FORM4835-GRAPH.md
f2441,forms/f1040/nodes/inputs/f2441/index.ts,inputs,0,yes,yes,yes,yes,P2,audit-required,"2026 form/instructions pinned; monthly deemed-income and provider continuation built; finish eligibility, prior-year expense, self-employed benefit, PDF and MeF; see FORM2441-GRAPH.md"
f8812,forms/f1040/nodes/inputs/f8812/index.ts,inputs,0,yes,yes,no,n/a,P0,audit-required,2026 Part II-B uses Schedule 2 lines 16c/17c; Worksheets A/B use 2026 Schedule 3 lines; finish credit graph
f8863,forms/f1040/nodes/inputs/f8863/index.ts,inputs,4,no,yes,no,n/a,P1,audit-required,"verify 2026 law, node outputs, and graph route"
f8949,forms/f1040/nodes/inputs/f8949/index.ts,inputs,0,no,yes,yes,yes,P2,audit-required,"verify 2026 law, node outputs, and graph route"
general,forms/f1040/nodes/inputs/general/index.ts,inputs,4,yes,no,no,n/a,P0,audit-required,"2026 ages, relative limit, and no-dependent identity graph updated; audit credits"
k1_trust,forms/f1040/nodes/inputs/k1_trust/index.ts,inputs,0,no,no,no,n/a,P2,audit-required,"verify 2026 law, node outputs, and graph route"
k1_s_corp,forms/f1040/nodes/inputs/k1_s_corp/index.ts,inputs,0,no,no,no,n/a,P2,audit-required,"verify 2026 law, node outputs, and graph route"
k1_partnership,forms/f1040/nodes/inputs/k1_partnership/index.ts,inputs,0,no,no,no,n/a,P2,audit-required,"ATS 6 Part II row needs activity, allowed-loss evidence, Schedule E line 41 route, PDF and MeF; packet lacks K-1; see ATS-SCENARIO-06.md"
schedule_a,forms/f1040/nodes/inputs/schedule_a/index.ts,inputs,0,yes,yes,yes,yes,P0,audit-required,"verify 2026 law, node outputs, and graph route"
schedule_c,forms/f1040/nodes/inputs/schedule_c/index.ts,inputs,1,yes,yes,no,n/a,P1,audit-required,"ATS 2 statutory W-2 output is unused by shared node; line 16b/16c, 44a-c, 109-widget PDF and current MeF needed; see SCHEDULEC-GRAPH.md"
schedule_e,forms/f1040/nodes/inputs/schedule_e/index.ts,inputs,0,no,yes,no,n/a,P2,audit-required,"2026 draft adds vehicle-interest line 13a; build activity-level Part I-V graph, PDF, MeF, and ATS 3/6; see SCHEDULEE-GRAPH.md"
rrb1099r,forms/f1040/nodes/inputs/rrb1099r/index.ts,inputs,5,no,no,no,n/a,P1,audit-required,"verify 2026 law, node outputs, and graph route"
ssa1099,forms/f1040/nodes/inputs/ssa1099/index.ts,inputs,4,no,no,no,n/a,P1,audit-required,"dedicated 2026 SSA/RRB source registered through AGI and PDF; add net-repayment deduction, lump-sum election, MeF, and current-year instruction check"
w2,forms/f1040/nodes/inputs/w2/index.ts,inputs,0,yes,yes,no,n/a,P2,audit-required,"2026 SIMPLE, TP/TT, and Schedule 2 box12 updated; ATS 2 statutory box13 must route to Schedule C once, not 1040 wages; see ATS-SCENARIO-02.md"
w2g,forms/f1040/nodes/inputs/w2g/index.ts,inputs,0,no,no,no,n/a,P2,audit-required,"final Jan 2026 form/instructions pinned; shared box 2/3/7 labels stale and winnings route to 8z, not 2026 Schedule 1 line 8b; see ATS-SCENARIO-06.md"
f1099patr,forms/f1040/nodes/inputs/f1099patr/index.ts,inputs,0,no,no,no,n/a,P0,audit-required,continuous-use source pinned; shared box 6/8/9 labels are wrong and boxes 10-13 missing; rebuild cooperative QBI route; see QBI-COOPERATIVE-GRAPH.md
f8283,forms/f1040/nodes/inputs/f8283/index.ts,inputs,0,no,yes,no,n/a,P2,audit-required,Dec 2025 continuous-use form/instructions pinned; ATS 2 source record and Schedule A deduction/attachment choice need 2026 routing; see ATS-SCENARIO-02.md
f7217,forms/f1040/nodes/inputs/f7217/index.ts,inputs,0,no,yes,no,n/a,P2,audit-required,"verify 2026 law, node outputs, and graph route"
f9465,forms/f1040/nodes/inputs/f9465/index.ts,inputs,0,no,no,no,n/a,P2,audit-required,"verify 2026 law, node outputs, and graph route"
f8888,forms/f1040/nodes/inputs/f8888/index.ts,inputs,0,no,no,no,n/a,P2,audit-required,"Nov 2026 form/instructions pinned; ATS 5 split depends on final refund, shared node metadata-only and savings-bond fields obsolete; add PDF/current MeF; see ATS-SCENARIO-05.md"
schedule_r,forms/f1040/nodes/inputs/schedule_r/index.ts,inputs,2,no,no,no,n/a,P1,audit-required,"verify 2026 law, node outputs, and graph route"
f2210,forms/f1040/nodes/inputs/f2210/index.ts,inputs,0,no,no,no,n/a,P2,audit-required,"verify 2026 law, node outputs, and graph route"
f3903,forms/f1040/nodes/inputs/f3903/index.ts,inputs,1,no,no,no,n/a,P1,audit-required,"verify 2026 law, node outputs, and graph route"
f5695,forms/f1040/nodes/inputs/f5695/index.ts,inputs,0,no,yes,yes,yes,P2,audit-required,"verify 2026 law, node outputs, and graph route"
f8936,forms/f1040/nodes/inputs/f8936/index.ts,inputs,4,no,yes,yes,yes,P0,audit-required,2026 form/combined instructions pinned; shared node rejects eligible 2026 service and lacks commercial/dealer/business routes; see FORM8936-GRAPH.md
f8862,forms/f1040/nodes/inputs/f8862/index.ts,inputs,2,no,yes,no,n/a,P1,audit-required,"verify 2026 law, node outputs, and graph route"
f8958,forms/f1040/nodes/inputs/f8958/index.ts,inputs,0,no,no,no,n/a,P2,audit-required,"verify 2026 law, node outputs, and graph route"
f8994,forms/f1040/nodes/inputs/f8994/index.ts,inputs,1,no,no,no,n/a,P1,audit-required,"verify 2026 law, node outputs, and graph route"
f8814,forms/f1040/nodes/inputs/f8814/index.ts,inputs,1,no,yes,yes,yes,P1,audit-required,"verify 2026 law, node outputs, and graph route"
f8379,forms/f1040/nodes/inputs/f8379/index.ts,inputs,0,no,no,no,n/a,P2,audit-required,"verify 2026 law, node outputs, and graph route"
f8938,forms/f1040/nodes/inputs/f8938/index.ts,inputs,1,no,no,no,n/a,P1,audit-required,"verify 2026 law, node outputs, and graph route"
f5884,forms/f1040/nodes/inputs/f5884/index.ts,inputs,1,no,no,no,n/a,P1,audit-required,"verify 2026 law, node outputs, and graph route"
f6478,forms/f1040/nodes/inputs/f6478/index.ts,inputs,2,no,no,no,n/a,P1,audit-required,"verify 2026 law, node outputs, and graph route"
f6765,forms/f1040/nodes/inputs/f6765/index.ts,inputs,1,no,no,no,n/a,P1,audit-required,"verify 2026 law, node outputs, and graph route"
f7207,forms/f1040/nodes/inputs/f7207/index.ts,inputs,1,no,no,no,n/a,P1,audit-required,"verify 2026 law, node outputs, and graph route"
f8881,forms/f1040/nodes/inputs/f8881/index.ts,inputs,1,no,no,no,n/a,P1,audit-required,"verify 2026 law, node outputs, and graph route"
f8882,forms/f1040/nodes/inputs/f8882/index.ts,inputs,1,no,no,no,n/a,P1,audit-required,"verify 2026 law, node outputs, and graph route"
f8908,forms/f1040/nodes/inputs/f8908/index.ts,inputs,2,no,no,no,n/a,P1,audit-required,"verify 2026 law, node outputs, and graph route"
f8941,forms/f1040/nodes/inputs/f8941/index.ts,inputs,2,no,no,no,n/a,P1,audit-required,"verify 2026 law, node outputs, and graph route"
f8834,forms/f1040/nodes/inputs/f8834/index.ts,inputs,1,no,yes,yes,no,P1,audit-required,"verify 2026 law, node outputs, and graph route"
f8874,forms/f1040/nodes/inputs/f8874/index.ts,inputs,1,no,no,no,n/a,P1,audit-required,"verify 2026 law, node outputs, and graph route"
f8911,forms/f1040/nodes/inputs/f8911/index.ts,inputs,1,no,yes,no,n/a,P1,audit-required,"verify 2026 law, node outputs, and graph route"
f8826,forms/f1040/nodes/inputs/f8826/index.ts,inputs,1,no,no,no,n/a,P1,audit-required,"verify 2026 law, node outputs, and graph route"
f4136,forms/f1040/nodes/inputs/f4136/index.ts,inputs,1,no,yes,yes,yes,P1,audit-required,"verify 2026 law, node outputs, and graph route"
f3468,forms/f1040/nodes/inputs/f3468/index.ts,inputs,1,no,no,no,n/a,P1,audit-required,"verify 2026 law, node outputs, and graph route"
f4255,forms/f1040/nodes/inputs/f4255/index.ts,inputs,1,no,no,no,n/a,P1,audit-required,"verify 2026 law, node outputs, and graph route"
f8801,forms/f1040/nodes/inputs/f8801/index.ts,inputs,0,no,no,no,n/a,P2,audit-required,"verify 2026 law, node outputs, and graph route"
f8332,forms/f1040/nodes/inputs/f8332/index.ts,inputs,0,no,no,no,n/a,P2,audit-required,"verify 2026 law, node outputs, and graph route"
f8822,forms/f1040/nodes/inputs/f8822/index.ts,inputs,0,no,no,no,n/a,P2,audit-required,"verify 2026 law, node outputs, and graph route"
f1310,forms/f1040/nodes/inputs/f1310/index.ts,inputs,0,no,no,no,n/a,P2,audit-required,"verify 2026 law, node outputs, and graph route"
f2439,forms/f1040/nodes/inputs/f2439/index.ts,inputs,0,no,no,no,n/a,P2,audit-required,"verify 2026 law, node outputs, and graph route"
f8997,forms/f1040/nodes/inputs/f8997/index.ts,inputs,2,no,no,no,n/a,P1,audit-required,"verify 2026 law, node outputs, and graph route"
schedule_j,forms/f1040/nodes/inputs/schedule_j/index.ts,inputs,1,no,no,no,n/a,P1,audit-required,"verify 2026 law, node outputs, and graph route"
f8609,forms/f1040/nodes/inputs/f8609/index.ts,inputs,0,no,no,no,n/a,P2,audit-required,"verify 2026 law, node outputs, and graph route"
f4852,forms/f1040/nodes/inputs/f4852/index.ts,inputs,0,no,no,no,n/a,P2,audit-required,"verify 2026 law, node outputs, and graph route"
sep_retirement,forms/f1040/nodes/inputs/sep_retirement/index.ts,inputs,1,yes,no,no,n/a,P1,audit-required,"verify 2026 law, node outputs, and graph route"
clergy,forms/f1040/nodes/inputs/clergy/index.ts,inputs,1,no,no,no,n/a,P1,audit-required,"verify 2026 law, node outputs, and graph route"
f8915f,forms/f1040/nodes/inputs/f8915f/index.ts,inputs,1,no,no,no,n/a,P1,audit-required,"verify 2026 law, node outputs, and graph route"
f8915d,forms/f1040/nodes/inputs/f8915d/index.ts,inputs,7,no,no,no,n/a,P1,audit-required,"verify 2026 law, node outputs, and graph route"
f3800,forms/f1040/nodes/inputs/f3800/index.ts,inputs,1,no,yes,no,n/a,P1,audit-required,"verify 2026 law, node outputs, and graph route"
f2106,forms/f1040/nodes/inputs/f2106/index.ts,inputs,1,yes,no,no,n/a,P1,audit-required,2026 business mileage and AGI limit updated; audit remaining rules
f5405,forms/f1040/nodes/inputs/f5405/index.ts,inputs,3,no,no,no,n/a,P1,audit-required,"verify 2026 law, node outputs, and graph route"
nol_carryforward,forms/f1040/nodes/inputs/nol_carryforward/index.ts,inputs,1,no,no,no,n/a,P1,audit-required,"verify 2026 law, node outputs, and graph route"
ltc_premium,forms/f1040/nodes/inputs/ltc_premium/index.ts,inputs,1,yes,no,no,n/a,P1,audit-required,"verify 2026 law, node outputs, and graph route"
sales_tax_deduction,forms/f1040/nodes/inputs/sales_tax_deduction/index.ts,inputs,0,no,no,no,n/a,P2,audit-required,"verify 2026 law, node outputs, and graph route"
auto_expense,forms/f1040/nodes/inputs/auto_expense/index.ts,inputs,0,yes,no,no,n/a,P2,audit-required,2026 business mileage periods updated; audit remaining rules
f8917,forms/f1040/nodes/inputs/f8917/index.ts,inputs,3,no,no,no,n/a,P1,audit-required,"verify 2026 law, node outputs, and graph route"
f8867,forms/f1040/nodes/inputs/f8867/index.ts,inputs,1,no,no,no,n/a,P1,audit-required,"verify 2026 law, node outputs, and graph route"
f8859,forms/f1040/nodes/inputs/f8859/index.ts,inputs,1,no,yes,yes,yes,P1,audit-required,"verify 2026 law, node outputs, and graph route"
f8820,forms/f1040/nodes/inputs/f8820/index.ts,inputs,2,no,no,no,n/a,P1,audit-required,"verify 2026 law, node outputs, and graph route"
f8896,forms/f1040/nodes/inputs/f8896/index.ts,inputs,2,no,no,no,n/a,P1,audit-required,"verify 2026 law, node outputs, and graph route"
f8912,forms/f1040/nodes/inputs/f8912/index.ts,inputs,0,no,yes,yes,no,P2,audit-required,"verify 2026 law, node outputs, and graph route"
f8978,forms/f1040/nodes/inputs/f8978/index.ts,inputs,1,yes,yes,no,n/a,P1,audit-required,"verify 2026 law, node outputs, and graph route"
f8615,forms/f1040/nodes/inputs/f8615/index.ts,inputs,0,no,yes,yes,yes,P2,audit-required,"verify 2026 law, node outputs, and graph route"
f8611,forms/f1040/nodes/inputs/f8611/index.ts,inputs,1,no,no,no,n/a,P1,audit-required,"verify 2026 law, node outputs, and graph route"
f8082,forms/f1040/nodes/inputs/f8082/index.ts,inputs,1,no,no,no,n/a,P1,audit-required,"verify 2026 law, node outputs, and graph route"
f8873,forms/f1040/nodes/inputs/f8873/index.ts,inputs,2,no,no,no,n/a,P1,audit-required,"verify 2026 law, node outputs, and graph route"
f8288,forms/f1040/nodes/inputs/f8288/index.ts,inputs,1,no,no,no,n/a,P1,audit-required,"verify 2026 law, node outputs, and graph route"
f8621,forms/f1040/nodes/inputs/f8621/index.ts,inputs,0,yes,yes,no,n/a,P2,audit-required,2026 event-year allocation updated; audit remaining rules
household_wages,forms/f1040/nodes/inputs/household_wages/index.ts,inputs,0,no,no,no,n/a,P2,audit-required,"verify 2026 law, node outputs, and graph route"
f8828,forms/f1040/nodes/inputs/f8828/index.ts,inputs,1,no,no,no,n/a,P1,audit-required,"verify 2026 law, node outputs, and graph route"
f8835,forms/f1040/nodes/inputs/f8835/index.ts,inputs,3,no,yes,no,n/a,P0,audit-required,"verify 2026 law, node outputs, and graph route"
f8844,forms/f1040/nodes/inputs/f8844/index.ts,inputs,1,no,no,no,n/a,P1,audit-required,"verify 2026 law, node outputs, and graph route"
f8864,forms/f1040/nodes/inputs/f8864/index.ts,inputs,1,no,no,no,n/a,P1,audit-required,"verify 2026 law, node outputs, and graph route"
f8833,forms/f1040/nodes/inputs/f8833/index.ts,inputs,0,no,no,no,n/a,P2,audit-required,"verify 2026 law, node outputs, and graph route"
f8840,forms/f1040/nodes/inputs/f8840/index.ts,inputs,0,no,no,no,n/a,P2,audit-required,"verify 2026 law, node outputs, and graph route"
f8843,forms/f1040/nodes/inputs/f8843/index.ts,inputs,0,no,no,no,n/a,P2,audit-required,"verify 2026 law, node outputs, and graph route"
f8854,forms/f1040/nodes/inputs/f8854/index.ts,inputs,1,no,no,no,n/a,P1,audit-required,"verify 2026 law, node outputs, and graph route"
f5471,forms/f1040/nodes/inputs/f5471/index.ts,inputs,1,no,no,no,n/a,P1,audit-required,"verify 2026 law, node outputs, and graph route"
f8805,forms/f1040/nodes/inputs/f8805/index.ts,inputs,1,no,no,no,n/a,P1,audit-required,"verify 2026 law, node outputs, and graph route"
fec,forms/f1040/nodes/inputs/fec/index.ts,inputs,1,no,no,no,n/a,P1,audit-required,"verify 2026 law, node outputs, and graph route"
qsehra,forms/f1040/nodes/inputs/qsehra/index.ts,inputs,2,no,no,no,n/a,P1,audit-required,"verify 2026 law, node outputs, and graph route"
f965,forms/f1040/nodes/inputs/f965/index.ts,inputs,2,no,no,no,n/a,P1,audit-required,"verify 2026 law, node outputs, and graph route"
ppp_forgiveness,forms/f1040/nodes/inputs/ppp_forgiveness/index.ts,inputs,0,no,no,no,n/a,P2,audit-required,"verify 2026 law, node outputs, and graph route"
depletion,forms/f1040/nodes/inputs/depletion/index.ts,inputs,1,no,no,no,n/a,P1,audit-required,"verify 2026 law, node outputs, and graph route"
lump_sum_ss,forms/f1040/nodes/inputs/lump_sum_ss/index.ts,inputs,0,no,no,no,n/a,P2,audit-required,"verify 2026 law, node outputs, and graph route"
qbi_aggregation,forms/f1040/nodes/inputs/qbi_aggregation/index.ts,inputs,0,no,no,no,n/a,P2,audit-required,Schedule B 8995-A pinned; shared input captures groups but emits no filing/calculation route; see QBI-COOPERATIVE-GRAPH.md
f114,forms/f1040/nodes/inputs/f114/index.ts,inputs,0,no,no,no,n/a,P2,audit-required,"verify 2026 law, node outputs, and graph route"
f8594,forms/f1040/nodes/inputs/f8594/index.ts,inputs,0,no,no,no,n/a,P2,audit-required,"verify 2026 law, node outputs, and graph route"
f8903,forms/f1040/nodes/inputs/f8903/index.ts,inputs,0,no,no,no,n/a,P2,audit-required,"verify 2026 law, node outputs, and graph route"
f14039,forms/f1040/nodes/inputs/f14039/index.ts,inputs,0,no,no,no,n/a,P2,audit-required,"verify 2026 law, node outputs, and graph route"
f911,forms/f1040/nodes/inputs/f911/index.ts,inputs,0,no,no,no,n/a,P2,audit-required,"verify 2026 law, node outputs, and graph route"
f843,forms/f1040/nodes/inputs/f843/index.ts,inputs,0,no,no,no,n/a,P2,audit-required,"verify 2026 law, node outputs, and graph route"
f56,forms/f1040/nodes/inputs/f56/index.ts,inputs,0,no,no,no,n/a,P2,audit-required,"verify 2026 law, node outputs, and graph route"
f970,forms/f1040/nodes/inputs/f970/index.ts,inputs,0,no,no,no,n/a,P2,audit-required,"verify 2026 law, node outputs, and graph route"
f3115,forms/f1040/nodes/inputs/f3115/index.ts,inputs,0,no,no,no,n/a,P2,audit-required,"verify 2026 law, node outputs, and graph route"
f8965,forms/f1040/nodes/inputs/f8965/index.ts,inputs,2,no,no,no,n/a,P1,audit-required,"verify 2026 law, node outputs, and graph route"
f59e,forms/f1040/nodes/inputs/f59e/index.ts,inputs,0,no,no,no,n/a,P2,audit-required,"verify 2026 law, node outputs, and graph route"
f1040es,forms/f1040/nodes/inputs/f1040es/index.ts,inputs,3,no,no,no,n/a,P1,audit-required,"verify 2026 law, node outputs, and graph route"
f4970,forms/f1040/nodes/inputs/f4970/index.ts,inputs,0,no,no,no,n/a,P2,audit-required,"verify 2026 law, node outputs, and graph route"
f8697,forms/f1040/nodes/inputs/f8697/index.ts,inputs,0,no,no,no,n/a,P2,audit-required,"verify 2026 law, node outputs, and graph route"
f8866,forms/f1040/nodes/inputs/f8866/index.ts,inputs,0,no,no,no,n/a,P2,audit-required,"verify 2026 law, node outputs, and graph route"
f1098e,forms/f1040/nodes/inputs/f1098e/index.ts,inputs,0,no,no,no,n/a,P2,audit-required,"verify 2026 law, node outputs, and graph route"
educator_expenses,forms/f1040/nodes/inputs/educator_expenses/index.ts,inputs,2,no,no,no,n/a,P1,audit-required,"verify 2026 law, node outputs, and graph route"
preparer,forms/f1040/nodes/inputs/preparer/index.ts,inputs,0,no,no,no,n/a,P2,audit-required,"verify 2026 law, node outputs, and graph route"
self_employed_health_insurance,forms/f1040/nodes/inputs/self_employed_health_insurance/index.ts,inputs,0,no,no,no,n/a,P2,audit-required,"verify 2026 law, node outputs, and graph route"
eitc,forms/f1040/nodes/intermediate/forms/eitc/index.ts,intermediate,0,yes,yes,yes,yes,P0,audit-required,"verify 2026 law, node outputs, and graph route"
form8962,forms/f1040/nodes/intermediate/forms/form8962/index.ts,intermediate,2,yes,yes,yes,yes,P0,audit-required,2026 percentage and repayment paths updated; verify final instructions
form2441,forms/f1040/nodes/intermediate/forms/form2441/index.ts,intermediate,0,yes,yes,yes,yes,P2,audit-required,2026 benefit and credit rules updated; verify final instructions
form2555,forms/f1040/nodes/intermediate/forms/form2555/index.ts,intermediate,1,yes,yes,yes,yes,P1,audit-required,2026 form/instructions and Notice 2026-25 pinned; structured filing rejects 2026 and housing route uses legacy Schedule 1 key; see FORM2555-GRAPH.md
form4137,forms/f1040/nodes/intermediate/forms/form4137/index.ts,intermediate,0,yes,yes,yes,yes,P2,audit-required,"2026 tips reach Schedule 1-A, income, Schedule 2 tax; audit other cases"
form4562,forms/f1040/nodes/intermediate/forms/form4562/index.ts,intermediate,8,yes,yes,yes,yes,P0,audit-required,"Asset/activity ledger, 2026 Part I-V, Schedule C/E/F/4835/8829 routes, 271 PDF widgets and current MeF remain; shared node sends depreciation to obsolete Schedule 1 line 13"
form461,forms/f1040/nodes/intermediate/forms/form461/index.ts,intermediate,0,no,yes,yes,yes,P2,audit-required,"Return-wide 2026 business-loss worksheet, source classification, NOL carryover, 18 PDF widgets and current MeF remain; shared node sums precomputed per-source excesses"
form4684,forms/f1040/nodes/intermediate/forms/form4684/index.ts,intermediate,3,no,yes,yes,yes,P1,audit-required,"2026 draft and 2025 instruction comparator pinned; per-event casualty, state/qualified disaster, Schedule A/4797, Ponzi, election, 162 PDF widgets and current MeF remain"
form4952,forms/f1040/nodes/intermediate/forms/form4952/index.ts,intermediate,0,no,yes,yes,yes,P2,audit-required,"verify 2026 law, node outputs, and graph route"
form4797,forms/f1040/nodes/intermediate/forms/form4797/index.ts,intermediate,0,no,yes,yes,yes,P2,audit-required,"2026 draft and 2025 instruction comparator pinned; per-asset Part I-IV, 1231 history, 4684 feedback, QPP checkbox, 188 PDF widgets and current MeF remain"
form8824,forms/f1040/nodes/intermediate/forms/form8824/index.ts,intermediate,0,no,yes,yes,yes,P2,audit-required,"verify 2026 law, node outputs, and graph route"
form4972,forms/f1040/nodes/intermediate/forms/form4972/index.ts,intermediate,1,yes,yes,yes,yes,P1,audit-required,"verify 2026 law, node outputs, and graph route"
form5329,forms/f1040/nodes/intermediate/forms/form5329/index.ts,intermediate,7,no,yes,yes,yes,P1,audit-required,"dedicated 2026 Part I early SIMPLE 25% graph and PDF route; add exceptions, other parts, separate spouse forms, MeF; see FORM5329-GRAPH.md"
form5695,forms/f1040/nodes/intermediate/forms/form5695/index.ts,intermediate,7,no,yes,yes,yes,P0,audit-required,"verify 2026 law, node outputs, and graph route"
jointOccupancyStatementNode,forms/f1040/nodes/intermediate/forms/joint_occupancy_statement/index.ts,intermediate,0,no,no,no,n/a,P2,audit-required,"verify 2026 law, node outputs, and graph route"
form6198,forms/f1040/nodes/intermediate/forms/form6198/index.ts,intermediate,0,no,yes,yes,no,P2,audit-required,"Continuous-use 2025 form/instructions pinned for TY2026; activity basis/financing, Part III, recapture, per-item carryforward, 34 PDF widgets and current MeF remain"
form6251,forms/f1040/nodes/intermediate/forms/form6251/index.ts,intermediate,3,yes,yes,yes,yes,P1,audit-required,"verify 2026 law, node outputs, and graph route"
form6252,forms/f1040/nodes/intermediate/forms/form6252/index.ts,intermediate,1,no,yes,yes,yes,P1,audit-required,"2026 draft includes instructions; cross-year sale, recapture, related-party/deemed payments, 49 PDF widgets and current MeF remain; embedded Form 4797 references stale"
form6781,forms/f1040/nodes/intermediate/forms/form6781/index.ts,intermediate,2,no,yes,yes,yes,P1,audit-required,"verify 2026 law, node outputs, and graph route"
form8615,forms/f1040/nodes/intermediate/forms/form8615/index.ts,intermediate,0,no,yes,yes,yes,P2,audit-required,"verify 2026 law, node outputs, and graph route"
form8582,forms/f1040/nodes/intermediate/forms/form8582/index.ts,intermediate,3,no,yes,yes,yes,P1,audit-required,"2026 activity-level passive loss, MFS lived-apart branch, per-form allocations, 205 PDF widgets and current MeF remain; shared node collapses carryforwards"
form8582cr,forms/f1040/nodes/intermediate/forms/form8582cr/index.ts,intermediate,0,no,no,no,n/a,P2,audit-required,"verify 2026 law, node outputs, and graph route"
form8606,forms/f1040/nodes/intermediate/forms/form8606/index.ts,intermediate,1,no,yes,yes,yes,P1,audit-required,2026 form and instructions pinned; dedicated per-owner basis and Roth calculation needed before registry; see FORM8606-GRAPH.md
form8396,forms/f1040/nodes/intermediate/forms/form8396/index.ts,intermediate,2,yes,yes,yes,yes,P1,audit-required,"verify 2026 law, node outputs, and graph route"
form8815,forms/f1040/nodes/intermediate/forms/form8815/index.ts,intermediate,1,yes,yes,yes,yes,P1,audit-required,"verify 2026 law, node outputs, and graph route"
form8839,forms/f1040/nodes/intermediate/forms/form8839/index.ts,intermediate,4,yes,yes,yes,yes,P0,audit-required,"2025/2026 refundable split, indexed caps, and origin-year carryforward updated; add full credit-limit worksheet"
form8853,forms/f1040/nodes/intermediate/forms/form8853/index.ts,intermediate,1,yes,yes,yes,yes,P1,audit-required,"2026 form/instructions pinned; shared node routes penalty to old Schedule 2 keys, omits MSA prior-year worksheet and LTC multi-payee statements; see FORM8853-GRAPH.md"
form8880,forms/f1040/nodes/intermediate/forms/form8880/index.ts,intermediate,0,yes,yes,yes,yes,P2,audit-required,"verify 2026 law, node outputs, and graph route"
form7203,forms/f1040/nodes/intermediate/forms/form7203/index.ts,intermediate,0,no,no,no,n/a,P2,audit-required,"verify 2026 law, node outputs, and graph route"
form7206,forms/f1040/nodes/intermediate/forms/form7206/index.ts,intermediate,0,yes,yes,yes,yes,P2,audit-required,"2026 form/instructions pinned; shared node uses aggregate profit/PTC shortcut, lacks per-business earnings and Form 2555, PDF fields mis-map; see FORM7206-GRAPH.md"
form8889,forms/f1040/nodes/intermediate/forms/form8889/index.ts,intermediate,0,yes,yes,yes,yes,P2,audit-required,"2026 form/instructions pinned; shared node lacks month-by-month eligibility/spouse allocation, routes income/tax to wrong lines, and omits PDF/MeF parts; see FORM8889-GRAPH.md"
form8919,forms/f1040/nodes/intermediate/forms/form8919/index.ts,intermediate,0,yes,yes,yes,yes,P2,audit-required,"verify 2026 law, node outputs, and graph route"
form8949,forms/f1040/nodes/intermediate/forms/form8949/index.ts,intermediate,0,no,yes,yes,yes,P2,audit-required,2026 broker and digital-asset transactions reach category PDF pages and Schedule D; add direct public trades and MeF
form8959,forms/f1040/nodes/intermediate/forms/form8959/index.ts,intermediate,1,yes,yes,yes,yes,P1,audit-required,"2026 form/instructions pinned; shared node sends combined old line 18 tax to Schedule 2 line 11, but 2026 splits line 12/18 to 17b/11 and changes PDF positions; see FORM8959-GRAPH.md"
form8960,forms/f1040/nodes/intermediate/forms/form8960/index.ts,intermediate,3,yes,yes,yes,yes,P1,audit-required,"verify 2026 law, node outputs, and graph route"
form8990,forms/f1040/nodes/intermediate/forms/form8990/index.ts,intermediate,3,yes,yes,yes,yes,P1,audit-required,"verify 2026 law, node outputs, and graph route"
form8995,forms/f1040/nodes/intermediate/forms/form8995/index.ts,intermediate,1,yes,yes,yes,yes,P0,audit-required,2026 simplified form and $400 minimum pinned; patron status requires Form 8995-A; remove estimated-income path for 2026; see QBI-COOPERATIVE-GRAPH.md
form8995a,forms/f1040/nodes/intermediate/forms/form8995a/index.ts,intermediate,1,yes,yes,yes,yes,P0,audit-required,"2026 form/schedule A and continuous-use schedules B/C/D pinned; add patron reduction, 199A(g), $400 minimum, per-business PDF/MeF; see QBI-COOPERATIVE-GRAPH.md"
form982,forms/f1040/nodes/intermediate/forms/form982/index.ts,intermediate,0,yes,yes,yes,no,P2,audit-required,2026 qualified-residence debt date gate updated; audit remaining rules
form_1116,forms/f1040/nodes/intermediate/forms/form_1116/index.ts,intermediate,0,no,yes,yes,yes,P1,audit-required,2026 line 18 adds Schedule 1-A line 43 and line 20 needs Schedule 2 line 1z; shared node omits full category/carryover and new PDF/MeF route; see FORM1116-GRAPH.md
form_8829,forms/f1040/nodes/intermediate/forms/form_8829/index.ts,intermediate,6,no,yes,yes,yes,P0,audit-required,"2026 form/instructions and Notice 2026-16 pinned; shared node omits daycare/direct costs, Schedule A/SALT loop and 2027 carryforwards; PDF area fields reversed; see FORM8829-GRAPH.md"
ira_deduction_worksheet,forms/f1040/nodes/intermediate/worksheets/ira_deduction_worksheet/index.ts,intermediate,0,yes,no,no,n/a,P2,audit-required,"verify 2026 law, node outputs, and graph route"
rate_28_gain_worksheet,forms/f1040/nodes/intermediate/worksheets/rate_28_gain_worksheet/index.ts,intermediate,0,no,no,no,n/a,P2,audit-required,"verify 2026 law, node outputs, and graph route"
schedule2,forms/f1040/nodes/intermediate/aggregation/schedule2/index.ts,intermediate,2,no,yes,yes,yes,P0,audit-required,dedicated 2026 line calculator/node routes tip and W-2 taxes; split other sources
schedule3,forms/f1040/nodes/intermediate/aggregation/schedule3/index.ts,intermediate,0,no,yes,yes,yes,P0,audit-required,"verify 2026 law, node outputs, and graph route"
schedule_b,forms/f1040/nodes/intermediate/aggregation/schedule_b/index.ts,intermediate,0,no,yes,yes,yes,P2,audit-required,"verify 2026 law, node outputs, and graph route"
schedule_d,forms/f1040/nodes/intermediate/aggregation/schedule_d/index.ts,intermediate,1,yes,yes,yes,yes,P1,audit-required,"2026 box2a, carryover, and 1099-B/DA transaction PDF routes verified; add other capital sources, QOF, and MeF"
schedule_f,forms/f1040/nodes/intermediate/forms/schedule_f/index.ts,intermediate,1,yes,yes,yes,yes,P1,audit-required,"2026 draft makes line 21b vehicle interest and 21c other interest; build dedicated farm input, PDF/MeF, ATS 3; see SCHEDULEF-GRAPH.md"
schedule_h,forms/f1040/nodes/intermediate/forms/schedule_h/index.ts,intermediate,3,yes,yes,yes,yes,P0,audit-required,"verify 2026 law, node outputs, and graph route"
schedule_se,forms/f1040/nodes/intermediate/forms/schedule_se/index.ts,intermediate,1,yes,yes,yes,yes,P1,audit-required,ATS 3 elects 2026 farm optional method; current Schedule F suppresses low-profit/loss SE route and 2025 PDF map puts profit in 2026 name field; see SCHEDULESE-GRAPH.md
unrecaptured_1250_worksheet,forms/f1040/nodes/intermediate/worksheets/unrecaptured_1250_worksheet/index.ts,intermediate,0,no,no,no,n/a,P2,audit-required,"verify 2026 law, node outputs, and graph route"
agi_aggregator,forms/f1040/nodes/intermediate/aggregation/agi_aggregator/index.ts,intermediate,1,yes,no,no,n/a,P0,audit-required,"verify 2026 law, node outputs, and graph route"
income_tax_calculation,forms/f1040/nodes/intermediate/worksheets/income_tax_calculation/index.ts,intermediate,1,yes,no,no,n/a,P0,audit-required,"verify 2026 law, node outputs, and graph route"
form8978_reporting_year,forms/f1040/nodes/intermediate/worksheets/form8978_reporting_year/index.ts,intermediate,0,no,no,no,n/a,P2,audit-required,"verify 2026 law, node outputs, and graph route"
qdcgtw,forms/f1040/nodes/intermediate/worksheets/qdcgtw/index.ts,intermediate,0,no,no,no,n/a,P2,audit-required,"verify 2026 law, node outputs, and graph route"
standard_deduction,forms/f1040/nodes/intermediate/worksheets/standard_deduction/index.ts,intermediate,3,yes,no,no,n/a,P0,audit-required,"verify 2026 law, node outputs, and graph route"
schedule1a,forms/f1040/nodes/intermediate/forms/schedule1a/index.ts,intermediate,2,yes,no,no,n/a,P0,audit-required,"2026 line 13a, TP/4137 employer reconciliation, TT updated; audit remaining sources"
alimony_received,forms/f1040/nodes/inputs/alimony_received/index.ts,inputs,0,no,no,no,n/a,P2,audit-required,"verify 2026 law, node outputs, and graph route"
f1040,forms/f1040/nodes/outputs/f1040/index.ts,outputs,2,no,yes,yes,yes,P0,audit-required,dedicated 2026 node begun; expand upstream surface and finalizations
schedule1,forms/f1040/nodes/outputs/schedule1/index.ts,outputs,0,no,yes,yes,yes,P0,audit-required,"verify 2026 law, node outputs, and graph route"
