component,pdf_descriptor,ty2025_pdf_url,irs_slug,ty2026_draft_snapshot
eitc,forms/f1040/2025/pdf/forms/eitc.ts,https://www.irs.gov/pub/irs-prior/f1040sei--2025.pdf,f1040sei,yes
f1040,forms/f1040/2025/pdf/forms/f1040.ts,https://www.irs.gov/pub/irs-prior/f1040--2025.pdf,f1040,yes
f1116,forms/f1040/2025/pdf/forms/f1116.ts,https://www.irs.gov/pub/irs-prior/f1116--2025.pdf,f1116,yes
f2441,forms/f1040/2025/pdf/forms/f2441.ts,https://www.irs.gov/pub/irs-prior/f2441--2025.pdf,f2441,yes
f2555,forms/f1040/2025/pdf/forms/f2555.ts,https://www.irs.gov/pub/irs-prior/f2555--2025.pdf,f2555,yes
f4136,forms/f1040/2025/pdf/forms/f4136.ts,https://www.irs.gov/pub/irs-prior/f4136--2025.pdf,f4136,yes
f4136_schedule_a,forms/f1040/2025/pdf/forms/f4136_schedule_a.ts,https://www.irs.gov/pub/irs-prior/f4136sa--2025.pdf,f4136sa,no
f4137,forms/f1040/2025/pdf/forms/f4137.ts,https://www.irs.gov/pub/irs-prior/f4137--2025.pdf,f4137,yes
f4562,forms/f1040/2025/pdf/forms/f4562.ts,https://www.irs.gov/pub/irs-prior/f4562--2025.pdf,f4562,yes
f461,forms/f1040/2025/pdf/forms/f461.ts,https://www.irs.gov/pub/irs-prior/f461--2025.pdf,f461,yes
f4684,forms/f1040/2025/pdf/forms/f4684.ts,https://www.irs.gov/pub/irs-prior/f4684--2025.pdf,f4684,yes
f4797,forms/f1040/2025/pdf/forms/f4797.ts,https://www.irs.gov/pub/irs-prior/f4797--2025.pdf,f4797,yes
f4952,forms/f1040/2025/pdf/forms/f4952.ts,https://www.irs.gov/pub/irs-prior/f4952--2025.pdf,f4952,yes
f4972,forms/f1040/2025/pdf/forms/f4972.ts,https://www.irs.gov/pub/irs-prior/f4972--2025.pdf,f4972,yes
f5329,forms/f1040/2025/pdf/forms/f5329.ts,https://www.irs.gov/pub/irs-prior/f5329--2025.pdf,f5329,yes
f5695,forms/f1040/2025/pdf/forms/f5695.ts,https://www.irs.gov/pub/irs-prior/f5695--2025.pdf,f5695,yes
f6198,forms/f1040/2025/pdf/forms/f6198.ts,https://www.irs.gov/pub/irs-prior/f6198--2025.pdf,f6198,no
f6251,forms/f1040/2025/pdf/forms/f6251.ts,https://www.irs.gov/pub/irs-prior/f6251--2025.pdf,f6251,yes
f6252,forms/f1040/2025/pdf/forms/f6252.ts,https://www.irs.gov/pub/irs-prior/f6252--2025.pdf,f6252,yes
f6781,forms/f1040/2025/pdf/forms/f6781.ts,https://www.irs.gov/pub/irs-prior/f6781--2025.pdf,f6781,yes
f7206,forms/f1040/2025/pdf/forms/f7206.ts,https://www.irs.gov/pub/irs-prior/f7206--2025.pdf,f7206,yes
f8396,forms/f1040/2025/pdf/forms/f8396.ts,https://www.irs.gov/pub/irs-prior/f8396--2025.pdf,f8396,yes
f8582,forms/f1040/2025/pdf/forms/f8582.ts,https://www.irs.gov/pub/irs-prior/f8582--2025.pdf,f8582,yes
f8606,forms/f1040/2025/pdf/forms/f8606.ts,https://www.irs.gov/pub/irs-prior/f8606--2025.pdf,f8606,yes
f8615,forms/f1040/2025/pdf/forms/f8615.ts,https://www.irs.gov/pub/irs-prior/f8615--2025.pdf,f8615,yes
f8814,forms/f1040/2025/pdf/forms/f8814.ts,https://www.irs.gov/pub/irs-prior/f8814--2025.pdf,f8814,yes
f8815,forms/f1040/2025/pdf/forms/f8815.ts,https://www.irs.gov/pub/irs-prior/f8815--2025.pdf,f8815,yes
f8824,forms/f1040/2025/pdf/forms/f8824.ts,https://www.irs.gov/pub/irs-prior/f8824--2025.pdf,f8824,yes
f8829,forms/f1040/2025/pdf/forms/f8829.ts,https://www.irs.gov/pub/irs-prior/f8829--2025.pdf,f8829,yes
f8834,forms/f1040/2025/pdf/forms/f8834.ts,https://www.irs.gov/pub/irs-prior/f8834--2024.pdf,f8834,no
f8839,forms/f1040/2025/pdf/forms/f8839.ts,https://www.irs.gov/pub/irs-prior/f8839--2025.pdf,f8839,yes
f8853,forms/f1040/2025/pdf/forms/f8853.ts,https://www.irs.gov/pub/irs-prior/f8853--2025.pdf,f8853,yes
f8859,forms/f1040/2025/pdf/forms/f8859.ts,https://www.irs.gov/pub/irs-prior/f8859--2025.pdf,f8859,yes
f8880,forms/f1040/2025/pdf/forms/f8880.ts,https://www.irs.gov/pub/irs-prior/f8880--2025.pdf,f8880,yes
f8889,forms/f1040/2025/pdf/forms/f8889.ts,https://www.irs.gov/pub/irs-prior/f8889--2025.pdf,f8889,yes
f8912,forms/f1040/2025/pdf/forms/f8912.ts,https://www.irs.gov/pub/irs-pdf/f8912.pdf,f8912,no
f8919,forms/f1040/2025/pdf/forms/f8919.ts,https://www.irs.gov/pub/irs-prior/f8919--2025.pdf,f8919,yes
f8936,forms/f1040/2025/pdf/forms/f8936.ts,https://www.irs.gov/pub/irs-prior/f8936--2025.pdf,f8936,yes
f8936_schedule_a,forms/f1040/2025/pdf/forms/f8936_schedule_a.ts,https://www.irs.gov/pub/irs-prior/f8936sa--2025.pdf,f8936sa,yes
f8949,forms/f1040/2025/pdf/forms/f8949.ts,https://www.irs.gov/pub/irs-prior/f8949--2025.pdf,f8949,yes
f8959,forms/f1040/2025/pdf/forms/f8959.ts,https://www.irs.gov/pub/irs-prior/f8959--2025.pdf,f8959,yes
f8960,forms/f1040/2025/pdf/forms/f8960.ts,https://www.irs.gov/pub/irs-prior/f8960--2025.pdf,f8960,yes
f8962,forms/f1040/2025/pdf/forms/f8962.ts,https://www.irs.gov/pub/irs-prior/f8962--2025.pdf,f8962,yes
f8990,forms/f1040/2025/pdf/forms/f8990.ts,https://www.irs.gov/pub/irs-prior/f8990--2025.pdf,f8990,yes
f8995,forms/f1040/2025/pdf/forms/f8995.ts,https://www.irs.gov/pub/irs-prior/f8995--2025.pdf,f8995,yes
f8995a,forms/f1040/2025/pdf/forms/f8995a.ts,https://www.irs.gov/pub/irs-prior/f8995a--2025.pdf,f8995a,yes
f982,forms/f1040/2025/pdf/forms/f982.ts,https://www.irs.gov/pub/irs-prior/f982--2018.pdf,f982,no
schedule1,forms/f1040/2025/pdf/forms/schedule1.ts,https://www.irs.gov/pub/irs-prior/f1040s1--2025.pdf,f1040s1,yes
schedule2,forms/f1040/2025/pdf/forms/schedule2.ts,https://www.irs.gov/pub/irs-prior/f1040s2--2025.pdf,f1040s2,yes
schedule3,forms/f1040/2025/pdf/forms/schedule3.ts,https://www.irs.gov/pub/irs-prior/f1040s3--2025.pdf,f1040s3,yes
schedule_a,forms/f1040/2025/pdf/forms/schedule_a.ts,https://www.irs.gov/pub/irs-prior/f1040sa--2025.pdf,f1040sa,yes
schedule_b,forms/f1040/2025/pdf/forms/schedule_b.ts,https://www.irs.gov/pub/irs-prior/f1040sb--2025.pdf,f1040sb,yes
schedule_d,forms/f1040/2025/pdf/forms/schedule_d.ts,https://www.irs.gov/pub/irs-prior/f1040sd--2025.pdf,f1040sd,yes
schedule_f,forms/f1040/2025/pdf/forms/schedule_f.ts,https://www.irs.gov/pub/irs-prior/f1040sf--2025.pdf,f1040sf,yes
schedule_h,forms/f1040/2025/pdf/forms/schedule_h.ts,https://www.irs.gov/pub/irs-prior/f1040sh--2025.pdf,f1040sh,yes
schedule_se,forms/f1040/2025/pdf/forms/schedule_se.ts,https://www.irs.gov/pub/irs-prior/f1040sse--2025.pdf,f1040sse,yes
